Enter password: ****
Welcome to the MySQL monitor.  Commands end with ; or \g.
Your MySQL connection id is 9
Server version: 5.7.11-log MySQL Community Server (GPL)

Copyright (c) 2000, 2016, Oracle and/or its affiliates. All rights reserved.

Oracle is a registered trademark of Oracle Corporation and/or its
affiliates. Other names may be trademarks of their respective
owners.

Type 'help;' or '\h' for help. Type '\c' to clear the current input statement.

mysql> USE prijatelji;
Database changed
mysql> CREATE DATABASE Firma;
Query OK, 1 row affected (0.06 sec)

mysql> USE Firma;
Database changed
mysql> CREATE TABLE Prodavnice(
    -> p_id INT NOT NULL PRIMARY KEY AUTO_INCREMENT,
    -> gradovi VARCHAR (30),
    -> prodavnica VARCHAR (30),
    -> proizvod VARCHAR (30),
    -> raspolozivo INT,
    -> cena INT);
Query OK, 0 rows affected (0.79 sec)

mysql> DESCRIBE Prodavnice;
+-------------+-------------+------+-----+---------+----------------+
| Field       | Type        | Null | Key | Default | Extra          |
+-------------+-------------+------+-----+---------+----------------+
| p_id        | int(11)     | NO   | PRI | NULL    | auto_increment |
| gradovi     | varchar(30) | YES  |     | NULL    |                |
| prodavnica  | varchar(30) | YES  |     | NULL    |                |
| proizvod    | varchar(30) | YES  |     | NULL    |                |
| raspolozivo | int(11)     | YES  |     | NULL    |                |
| cena        | int(11)     | YES  |     | NULL    |                |
+-------------+-------------+------+-----+---------+----------------+
6 rows in set (0.14 sec)

mysql> CREATE TABLE Poslato(
    -> s_id INT NOT NULL PRIMARY KEY AUTO_INCREMENT,
    -> dokument INT,
    -> p_id INT);
Query OK, 0 rows affected (0.38 sec)

mysql> INSERT INTO Prodavnice
    -> VALUES(NULL, 'Beograd', 'prbg1', 'Kafa', 121, 150);
Query OK, 1 row affected (0.09 sec)

mysql> INSERT INTO Prodavnice
    -> VALUES(NULL, 'Beograd', 'prbg2', 'Cigare', 50, 300);
Query OK, 1 row affected (0.12 sec)

mysql> INSERT INTO Prodavnice
    -> VALUES(NULL, 'Subotica', 'prsub1', 'Hleb', 43, 45);
Query OK, 1 row affected (0.04 sec)

mysql> INSERT INTO Prodavnice
    -> VALUES(NULL, 'Nis', 'prnis1', 'Hleb', 23, 55);
Query OK, 1 row affected (0.06 sec)

mysql> INSERT INTO Prodavnice
    -> VALUES(NULL, 'Kraljveo', 'prnkr1', 'Pavlaka', 155, 50);
Query OK, 1 row affected (0.06 sec)

mysql> INSERT INTO Prodavnice
    -> VALUES(NULL, 'Uzice', 'pruzi1', 'Mleko', 68, 90);
Query OK, 1 row affected (0.06 sec)

mysql> INSERT INTO Prodavnice
    -> VALUES(NULL, 'Majdanpek', 'prmaj1', 'Mleko', 91, 87);
Query OK, 1 row affected (0.05 sec)

mysql> INSERT INTO Prodavnice
    -> VALUES(NULL, 'Bor', 'prbor1', 'Pavlaka', 155, 50);
Query OK, 1 row affected (0.07 sec)

mysql> INSERT INTO Prodavnice
    -> VALUES(NULL, 'Kikinda', 'prkik1', 'Ajzaklija', 38, 650);
Query OK, 1 row affected (0.07 sec)

mysql> INSERT INTO Prodavnice
    -> VALUES(NULL, 'Obrenovac', 'prob1', 'Jabuke', 35, 120);
Query OK, 1 row affected (0.05 sec)

mysql> INSERT INTO Prodavnice
    -> VALUES(NULL, 'Smederevo', 'prsm1', 'Ajvar', 28, 270);
Query OK, 1 row affected (0.05 sec)

mysql> INSERT INTO Prodavnice
    -> VALUES(NULL, 'Zrenjanin', 'przr1', 'Somun', 10, 59);
Query OK, 1 row affected (0.04 sec)

mysql> INSERT INTO Prodavnice
    -> VALUES(NULL, 'Jagodina', 'prjg1', 'Bakalar', 29, 400);
Query OK, 1 row affected (0.03 sec)

mysql> INSERT INTO Poslato
    -> VALUES(NULL, 55210, 1);
Query OK, 1 row affected (0.08 sec)

mysql> INSERT INTO Poslato
    -> VALUES(NULL, 32618, 1);
Query OK, 1 row affected (0.07 sec)

mysql> INSERT INTO Poslato
    -> VALUES(NULL, 50687, 9);
Query OK, 1 row affected (0.08 sec)

mysql> INSERT INTO Poslato
    -> VALUES(NULL, 49321, 4);
Query OK, 1 row affected (0.07 sec)

mysql> INSERT INTO Poslato
    -> VALUES(NULL, 39658, 3);
Query OK, 1 row affected (0.03 sec)

mysql> INSERT INTO Poslato
    -> VALUES(NULL, 41200, 11);
Query OK, 1 row affected (0.07 sec)

mysql> SELECT * FROM Prodavnice;
+------+-----------+------------+-----------+-------------+------+
| p_id | gradovi   | prodavnica | proizvod  | raspolozivo | cena |
+------+-----------+------------+-----------+-------------+------+
|    1 | Beograd   | prbg1      | Kafa      |         121 |  150 |
|    2 | Beograd   | prbg2      | Cigare    |          50 |  300 |
|    3 | Subotica  | prsub1     | Hleb      |          43 |   45 |
|    4 | Nis       | prnis1     | Hleb      |          23 |   55 |
|    5 | Kraljveo  | prnkr1     | Pavlaka   |         155 |   50 |
|    6 | Uzice     | pruzi1     | Mleko     |          68 |   90 |
|    7 | Majdanpek | prmaj1     | Mleko     |          91 |   87 |
|    8 | Bor       | prbor1     | Pavlaka   |         155 |   50 |
|    9 | Kikinda   | prkik1     | Ajzaklija |          38 |  650 |
|   10 | Obrenovac | prob1      | Jabuke    |          35 |  120 |
|   11 | Smederevo | prsm1      | Ajvar     |          28 |  270 |
|   12 | Zrenjanin | przr1      | Somun     |          10 |   59 |
|   13 | Jagodina  | prjg1      | Bakalar   |          29 |  400 |
+------+-----------+------------+-----------+-------------+------+
13 rows in set (0.00 sec)

mysql> SELECT * FROM Poslato;
+------+----------+------+
| s_id | dokument | p_id |
+------+----------+------+
|    1 |    55210 |    1 |
|    2 |    32618 |    1 |
|    3 |    50687 |    9 |
|    4 |    49321 |    4 |
|    5 |    39658 |    3 |
|    6 |    41200 |   11 |
+------+----------+------+
6 rows in set (0.00 sec)

mysql> SELECT Prodavnice.gradovi, Prodavnice.prodavnica, Poslato.dokument
    -> FROM Prodavnice
    -> INNER JOIN Poslato
    -> ON Prodavnice.p_id=Poslato.p_id
    -> ORDER BY Prodavnice.gradovi;
+-----------+------------+----------+
| gradovi   | prodavnica | dokument |
+-----------+------------+----------+
| Beograd   | prbg1      |    32618 |
| Beograd   | prbg1      |    55210 |
| Kikinda   | prkik1     |    50687 |
| Nis       | prnis1     |    49321 |
| Smederevo | prsm1      |    41200 |
| Subotica  | prsub1     |    39658 |
+-----------+------------+----------+
6 rows in set (0.08 sec)

mysql>