Enter password: ****
Welcome to the MySQL monitor.  Commands end with ; or \g.
Your MySQL connection id is 15
Server version: 5.7.11-log MySQL Community Server (GPL)

Copyright (c) 2000, 2016, Oracle and/or its affiliates. All rights reserved.

Oracle is a registered trademark of Oracle Corporation and/or its
affiliates. Other names may be trademarks of their respective
owners.

Type 'help;' or '\h' for help. Type '\c' to clear the current input statement.

mysql> USE Firma;
Database changed
mysql> SELECT * FROM Prodavnice;
+------+-----------+------------+-----------+-------------+------+
| p_id | gradovi   | prodavnica | proizvod  | raspolozivo | cena |
+------+-----------+------------+-----------+-------------+------+
|    1 | Beograd   | prbg1      | Kafa      |         121 |  150 |
|    2 | Beograd   | prbg2      | Cigare    |          50 |  300 |
|    3 | Subotica  | prsub1     | Hleb      |          43 |   45 |
|    4 | Nis       | prnis1     | Hleb      |          23 |   55 |
|    5 | Kraljveo  | prnkr1     | Pavlaka   |         155 |   50 |
|    6 | Uzice     | pruzi1     | Mleko     |          68 |   90 |
|    7 | Majdanpek | prmaj1     | Mleko     |          91 |   87 |
|    8 | Bor       | prbor1     | Pavlaka   |         155 |   50 |
|    9 | Kikinda   | prkik1     | Ajzaklija |          38 |  650 |
|   10 | Obrenovac | prob1      | Jabuke    |          35 |  120 |
|   11 | Smederevo | prsm1      | Ajvar     |          28 |  270 |
|   12 | Zrenjanin | przr1      | Somun     |          10 |   59 |
|   13 | Jagodina  | prjg1      | Bakalar   |          29 |  400 |
+------+-----------+------------+-----------+-------------+------+
13 rows in set (0.01 sec)

mysql> SELECT MAX(proizvod) AS NajskupljiProizvod
    -> FROM Prodavnice;
+--------------------+
| NajskupljiProizvod |
+--------------------+
| Somun              |
+--------------------+
1 row in set (0.08 sec)

mysql> SELECT MAX(cena) AS NajskupljiProizvod
    -> FROM Prodavnice;
+--------------------+
| NajskupljiProizvod |
+--------------------+
|                650 |
+--------------------+
1 row in set (0.03 sec)

mysql> SELECT MIN(cena) AS NajjeftinijiProizvod
    -> FROM Prodavnice;
+----------------------+
| NajjeftinijiProizvod |
+----------------------+
|                   45 |
+----------------------+
1 row in set (0.00 sec)

mysql> SELECT MAX(cena) AS NajskupljiHleb
    -> FROM Prodavnice
    -> WHERE proizvod='Hleb';
+----------------+
| NajskupljiHleb |
+----------------+
|             55 |
+----------------+
1 row in set (0.01 sec)

mysql>