Enter password: ****
Welcome to the MySQL monitor.  Commands end with ; or \g.
Your MySQL connection id is 12
Server version: 5.7.11-log MySQL Community Server (GPL)

Copyright (c) 2000, 2016, Oracle and/or its affiliates. All rights reserved.

Oracle is a registered trademark of Oracle Corporation and/or its
affiliates. Other names may be trademarks of their respective
owners.

Type 'help;' or '\h' for help. Type '\c' to clear the current input statement.

mysql> USE prijatelji;
Database changed

mysql> SELECT * FROM kucni WHERE Ime='Zorana';
+----+--------+-----------+---------+
| id | Ime    | Prezime   | Telefon |
+----+--------+-----------+---------+
|  3 | Zorana | Zoranovic |  555666 |
+----+--------+-----------+---------+
1 row in set (0.12 sec)

mysql> SELECT Ime, Prezime, Telefon FROM kucni WHERE Ime='Zorana';
+--------+-----------+---------+
| Ime    | Prezime   | Telefon |
+--------+-----------+---------+
| Zorana | Zoranovic |  555666 |
+--------+-----------+---------+
1 row in set (0.01 sec)

mysql> SELECT Prezime, Telefon FROM kucni WHERE id=2;
+---------+---------+
| Prezime | Telefon |
+---------+---------+
| Miric   |  111222 |
+---------+---------+
1 row in set (0.05 sec)

mysql>