Enter password: ****
Welcome to the MySQL monitor.  Commands end with ; or \g.
Your MySQL connection id is 3
Server version: 5.7.11-log MySQL Community Server (GPL)

Copyright (c) 2000, 2016, Oracle and/or its affiliates. All rights reserved.

Oracle is a registered trademark of Oracle Corporation and/or its
affiliates. Other names may be trademarks of their respective
owners.

Type 'help;' or '\h' for help. Type '\c' to clear the current input statement.

mysql> USE prijatelji;
Database changed
mysql> SELECT * FROM kucni;
+----+----------+--------------+---------+
| id | Ime      | Prezime      | Telefon |
+----+----------+--------------+---------+
|  1 | Petar    | Peric        |  888888 |
|  2 | Mitar    | Miric        |  111222 |
|  3 | Zorana   | Zoranovic    |  555666 |
| 10 | Goran    | Goranovic    |  333222 |
| 11 | Ana      | Pljakic      |  777222 |
| 12 | Lazar    | Grigorijevic |  777444 |
| 13 | Vasilije | Stojkovic    |  333111 |
+----+----------+--------------+---------+
7 rows in set (0.01 sec)

mysql> SELECT * FROM kucni
    -> WHERE Telefon LIKE '7%';
+----+-------+--------------+---------+
| id | Ime   | Prezime      | Telefon |
+----+-------+--------------+---------+
| 11 | Ana   | Pljakic      |  777222 |
| 12 | Lazar | Grigorijevic |  777444 |
+----+-------+--------------+---------+
2 rows in set (0.12 sec)

mysql> SELECT * FROM kucni
    -> WHERE Telefon LIKE '%ar';
Empty set (0.00 sec)

mysql> SELECT * FROM kucni
    -> WHERE Ime LIKE '%ar';
+----+-------+--------------+---------+
| id | Ime   | Prezime      | Telefon |
+----+-------+--------------+---------+
|  1 | Petar | Peric        |  888888 |
|  2 | Mitar | Miric        |  111222 |
| 12 | Lazar | Grigorijevic |  777444 |
+----+-------+--------------+---------+
3 rows in set (0.00 sec)

mysql> SELECT * FROM kucni
    -> WHERE Prezime LIKE 'Grig%';
+----+-------+--------------+---------+
| id | Ime   | Prezime      | Telefon |
+----+-------+--------------+---------+
| 12 | Lazar | Grigorijevic |  777444 |
+----+-------+--------------+---------+
1 row in set (0.00 sec)

mysql> SELECT * FROM kucni
    -> WHERE Telefon NOT LIKE '555666';
+----+----------+--------------+---------+
| id | Ime      | Prezime      | Telefon |
+----+----------+--------------+---------+
|  1 | Petar    | Peric        |  888888 |
|  2 | Mitar    | Miric        |  111222 |
| 10 | Goran    | Goranovic    |  333222 |
| 11 | Ana      | Pljakic      |  777222 |
| 12 | Lazar    | Grigorijevic |  777444 |
| 13 | Vasilije | Stojkovic    |  333111 |
+----+----------+--------------+---------+
6 rows in set (0.00 sec)

mysql> SELECT * FROM kucni
    -> WHERE Telefon NOT LIKE 555666;
+----+----------+--------------+---------+
| id | Ime      | Prezime      | Telefon |
+----+----------+--------------+---------+
|  1 | Petar    | Peric        |  888888 |
|  2 | Mitar    | Miric        |  111222 |
| 10 | Goran    | Goranovic    |  333222 |
| 11 | Ana      | Pljakic      |  777222 |
| 12 | Lazar    | Grigorijevic |  777444 |
| 13 | Vasilije | Stojkovic    |  333111 |
+----+----------+--------------+---------+
6 rows in set (0.00 sec)

mysql> SELECT * FROM kucni
    -> WHERE Telefon NOT LIKE '7%';
+----+----------+-----------+---------+
| id | Ime      | Prezime   | Telefon |
+----+----------+-----------+---------+
|  1 | Petar    | Peric     |  888888 |
|  2 | Mitar    | Miric     |  111222 |
|  3 | Zorana   | Zoranovic |  555666 |
| 10 | Goran    | Goranovic |  333222 |
| 13 | Vasilije | Stojkovic |  333111 |
+----+----------+-----------+---------+
5 rows in set (0.00 sec)

mysql>