Enter password: ****
Welcome to the MySQL monitor.  Commands end with ; or \g.
Your MySQL connection id is 14
Server version: 5.7.11-log MySQL Community Server (GPL)

Copyright (c) 2000, 2016, Oracle and/or its affiliates. All rights reserved.

Oracle is a registered trademark of Oracle Corporation and/or its
affiliates. Other names may be trademarks of their respective
owners.

Type 'help;' or '\h' for help. Type '\c' to clear the current input statement.

mysql> USE prijatelji;
Database changed
mysql> SELECT * FROM kucni WHERE NOT Telefon=333111;
+----+--------+--------------+---------+
| id | Ime    | Prezime      | Telefon |
+----+--------+--------------+---------+
|  1 | Petar  | Peric        |  444555 |
|  2 | Mitar  | Miric        |  111222 |
|  3 | Zorana | Zoranovic    |  555666 |
| 10 | Goran  | Goranovic    |  333222 |
| 11 | Ana    | Pljakic      |  777222 |
| 12 | Lazar  | Grigorijevic |  777444 |
+----+--------+--------------+---------+
6 rows in set (0.01 sec)

mysql> SELECT * FROM kucni WHERE NOT Telefon=333111 AND NOT Telefon=333222;
+----+--------+--------------+---------+
| id | Ime    | Prezime      | Telefon |
+----+--------+--------------+---------+
|  1 | Petar  | Peric        |  444555 |
|  2 | Mitar  | Miric        |  111222 |
|  3 | Zorana | Zoranovic    |  555666 |
| 11 | Ana    | Pljakic      |  777222 |
| 12 | Lazar  | Grigorijevic |  777444 |
+----+--------+--------------+---------+
5 rows in set (0.02 sec)

mysql> SELECT * FROM kucni WHERE NOT Telefon=333111 AND NOT Ime='Petar';
+----+--------+--------------+---------+
| id | Ime    | Prezime      | Telefon |
+----+--------+--------------+---------+
|  2 | Mitar  | Miric        |  111222 |
|  3 | Zorana | Zoranovic    |  555666 |
| 10 | Goran  | Goranovic    |  333222 |
| 11 | Ana    | Pljakic      |  777222 |
| 12 | Lazar  | Grigorijevic |  777444 |
+----+--------+--------------+---------+
5 rows in set (0.00 sec)

mysql>