Enter password: ****
Welcome to the MySQL monitor.  Commands end with ; or \g.
Your MySQL connection id is 6
Server version: 5.7.11-log MySQL Community Server (GPL)

Copyright (c) 2000, 2016, Oracle and/or its affiliates. All rights reserved.

Oracle is a registered trademark of Oracle Corporation and/or its
affiliates. Other names may be trademarks of their respective
owners.

Type 'help;' or '\h' for help. Type '\c' to clear the current input statement.

mysql> USE prijatelji;
Database changed
mysql> SELECT * FROM kucni;
+----+----------+--------------+---------+
| id | Ime      | Prezime      | Telefon |
+----+----------+--------------+---------+
|  1 | Petar    | Peric        |  888888 |
|  2 | Mitar    | Miric        |  111222 |
|  3 | Zorana   | Zoranovic    |  555666 |
| 10 | Goran    | Goranovic    |  333222 |
| 11 | Ana      | Pljakic      |  777222 |
| 12 | Lazar    | Grigorijevic |  777444 |
| 13 | Vasilije | Stojkovic    |  333111 |
+----+----------+--------------+---------+
7 rows in set (0.00 sec)

mysql> SELECT * FROM kucni
    -> WHERE id BETWEEN 2 AND 11;
+----+--------+-----------+---------+
| id | Ime    | Prezime   | Telefon |
+----+--------+-----------+---------+
|  2 | Mitar  | Miric     |  111222 |
|  3 | Zorana | Zoranovic |  555666 |
| 10 | Goran  | Goranovic |  333222 |
| 11 | Ana    | Pljakic   |  777222 |
+----+--------+-----------+---------+
4 rows in set (0.05 sec)

mysql>